<application>
  <component name="ProjectJdkTable">
    <jdk version="2">
      <name value="Python 3.8 (env_382)" />
      <type value="Python SDK" />
      <version value="Python 3.8.2" />
      <homePath value="$USER_HOME$/.pyenv/versions/env_382/bin/python3.8" />
      <roots>
        <classPath>
          <root type="composite">
            <root url="file://$USER_HOME$/.pyenv/versions/3.8.2/lib/python3.8" type="simple" />
            <root url="file://$USER_HOME$/.pyenv/versions/3.8.2/lib/python3.8/lib-dynload" type="simple" />
            <root url="file://$USER_HOME$/.pyenv/versions/env_382/lib/python3.8/site-packages" type="simple" />
            <root url="file://$USER_HOME$/.PyCharm2019.3/system/python_stubs/-1163801319" type="simple" />
            <root url="file://$APPLICATION_HOME_DIR$/plugins/python/helpers/python-skeletons" type="simple" />
            <root url="file://$APPLICATION_HOME_DIR$/plugins/python/helpers/typeshed/stdlib/3" type="simple" />
            <root url="file://$APPLICATION_HOME_DIR$/plugins/python/helpers/typeshed/stdlib/2and3" type="simple" />
            <root url="file://$APPLICATION_HOME_DIR$/plugins/python/helpers/typeshed/third_party/3" type="simple" />
            <root url="file://$APPLICATION_HOME_DIR$/plugins/python/helpers/typeshed/third_party/2and3" type="simple" />
          </root>
        </classPath>
        <sourcePath>
          <root type="composite" />
        </sourcePath>
      </roots>
      <additional />
    </jdk>
    <jdk version="2">
      <name value="Python 3.8 (env_mysite382)" />
      <type value="Python SDK" />
      <version value="Python 3.8.2" />
      <homePath value="$USER_HOME$/.pyenv/versions/env_mysite382/bin/python3.8" />
      <roots>
        <classPath>
          <root type="composite">
            <root url="file://$USER_HOME$/.pyenv/versions/3.8.2/lib/python3.8" type="simple" />
            <root url="file://$USER_HOME$/.pyenv/versions/3.8.2/lib/python3.8/lib-dynload" type="simple" />
            <root url="file://$USER_HOME$/.pyenv/versions/env_mysite382/lib/python3.8/site-packages" type="simple" />
            <root url="file://$USER_HOME$/.PyCharm2019.3/system/python_stubs/-931731194" type="simple" />
            <root url="file://$APPLICATION_HOME_DIR$/plugins/python/helpers/python-skeletons" type="simple" />
            <root url="file://$APPLICATION_HOME_DIR$/plugins/python/helpers/typeshed/stdlib/3" type="simple" />
            <root url="file://$APPLICATION_HOME_DIR$/plugins/python/helpers/typeshed/stdlib/2and3" type="simple" />
            <root url="file://$APPLICATION_HOME_DIR$/plugins/python/helpers/typeshed/third_party/3" type="simple" />
            <root url="file://$APPLICATION_HOME_DIR$/plugins/python/helpers/typeshed/third_party/2and3" type="simple" />
          </root>
        </classPath>
        <sourcePath>
          <root type="composite" />
        </sourcePath>
      </roots>
      <additional />
    </jdk>
    <jdk version="2">
      <name value="Remote Python 3.8.2 Docker Compose (web at [/home/qiujl/Practise/Django3/mysite/./docker-compose.yml])" />
      <type value="Python SDK" />
      <version value="Python 3.8.2" />
      <homePath value="docker-compose://[/home/qiujl/Practise/Django3/mysite/./docker-compose.yml]:web/python" />
      <roots>
        <classPath>
          <root type="composite">
            <root url="file://$USER_HOME$/.PyCharm2019.3/system/remote_sources/-1869994852/46464668" type="simple" />
            <root url="file://$USER_HOME$/.PyCharm2019.3/system/remote_sources/-1869994852/249573929" type="simple" />
            <root url="file://$USER_HOME$/.PyCharm2019.3/system/remote_sources/-1869994852/-1617366195" type="simple" />
            <root url="file://$USER_HOME$/.PyCharm2019.3/system/python_stubs/-1869994852" type="simple" />
            <root url="file://$APPLICATION_HOME_DIR$/plugins/python/helpers/python-skeletons" type="simple" />
            <root url="file://$APPLICATION_HOME_DIR$/plugins/python/helpers/typeshed/stdlib/3" type="simple" />
            <root url="file://$APPLICATION_HOME_DIR$/plugins/python/helpers/typeshed/stdlib/2and3" type="simple" />
            <root url="file://$APPLICATION_HOME_DIR$/plugins/python/helpers/typeshed/third_party/3" type="simple" />
            <root url="file://$APPLICATION_HOME_DIR$/plugins/python/helpers/typeshed/third_party/2and3" type="simple" />
          </root>
        </classPath>
        <sourcePath>
          <root type="composite" />
        </sourcePath>
      </roots>
      <additional DOCKER_ACCOUNT_NAME="Docker" DOCKER_COMPOSE_SERVICE_NAME="web" DOCKER_REMOTE_PROJECT_PATH="/opt/project" INTERPRETER_PATH="python" HELPERS_PATH="/opt/.pycharm_helpers" INITIALIZED="false" VALID="true" RUN_AS_ROOT_VIA_SUDO="false" SKELETONS_PATH="" VERSION="">
        <dockerComposeConfigurationPaths>
          <item value="$USER_HOME$/Practise/Django3/mysite/./docker-compose.yml" />
        </dockerComposeConfigurationPaths>
        <envs />
        <PathMappingSettings>
          <option name="pathMappings">
            <list>
              <mapping local-root="$USER_HOME$/.PyCharm2019.3/system/remote_sources/-1869994852/46464668" remote-root="/code" />
              <mapping local-root="$USER_HOME$/.PyCharm2019.3/system/remote_sources/-1869994852/249573929" remote-root="/usr/local/lib/python3.8" />
              <mapping local-root="$USER_HOME$/.PyCharm2019.3/system/remote_sources/-1869994852/-1617366195" remote-root="/usr/local/lib/python3.8/site-packages" />
            </list>
          </option>
        </PathMappingSettings>
      </additional>
    </jdk>
  </component>
</application>